thomas_solver_inplace____cuda_326a9d7459,cuda,9.056013000190432649,10.084395000376389362
thomas_solver_inplace____cuda_326a9d7459,cuda,9.647911999763891799,10.682055999950534897
thomas_solver_inplace____numpy_326a9d7459,numpy,2427.062451999972836347,2427.984167999966302887
thomas_solver_inplace____numpy_326a9d7459,numpy,2323.772015000031387899,2324.688059999971301295
thomas_solver_inplace____cuda_326a9d7459,cuda,4320.074100000056205317,4321.092909000071813352
thomas_solver_inplace____cuda_326a9d7459,cuda,9.165182998913223855,10.244342998703359626
thomas_solver_gt_inplace____cuda_10d6966720,cuda,56.890718000431661494,57.834445000480627641
thomas_solver_inplace____cuda_326a9d7459,cuda,9.879991999696358107,10.896543999479035847
thomas_solver_gt_inplace____cuda_10d6966720,cuda,56.924922000689548440,57.858297999700880609
thomas_solver_inplace____cuda_326a9d7459,cuda,26.851278002141043544,27.876720996573567390
thomas_solver_inplace____cuda_326a9d7459,cuda,9.612099995138123631,10.568464989773929119
thomas_solver_inplace____cuda_326a9d7459,cuda,9.651614003814756870,10.602538008242845535
thomas_solver_inplace____cuda_326a9d7459,cuda,9.619795004255138338,10.560017995885573328
thomas_solver_inplace____cuda_326a9d7459,cuda,9.621057004551403224,10.560398994130082428
thomas_solver_inplace____cuda_326a9d7459,cuda,9.640994001529179513,10.585876996628940105
thomas_solver_inplace____cuda_326a9d7459,cuda,9.633010005927644670,10.588402001303620636
thomas_solver_inplace____cuda_326a9d7459,cuda,9.611340006813406944,10.545982004259712994
thomas_solver_inplace____cuda_326a9d7459,cuda,9.624985003028996289,10.575067004538141191
thomas_solver_inplace____cuda_326a9d7459,cuda,9.588827000698074698,10.522278011194430292
thomas_solver_inplace____cuda_326a9d7459,cuda,9.643949990277178586,10.577772001852281392
thomas_solver_inplace____cuda_326a9d7459,cuda,9.622169003705494106,10.592229999019764364
thomas_solver_inplace____cuda_326a9d7459,cuda,9.603263999451883137,10.543518001213669777
thomas_solver_inplace____cuda_326a9d7459,cuda,9.641274999012239277,10.586559001239947975
thomas_solver_inplace____cuda_326a9d7459,cuda,9.621357996365986764,10.568405006779357791
thomas_solver_inplace____cuda_326a9d7459,cuda,9.620427008485421538,10.551522995228879154
thomas_solver_inplace____cuda_326a9d7459,cuda,9.632789995521306992,10.593672006507404149
thomas_solver_inplace____cuda_326a9d7459,cuda,9.623692007153294981,10.577502005617134273
thomas_solver_inplace____cuda_326a9d7459,cuda,9.629572989069856703,10.564738011453300714
thomas_solver_inplace____cuda_326a9d7459,cuda,9.615987990400753915,10.548817997914738953
thomas_solver_inplace____cuda_326a9d7459,cuda,9.598303993698209524,10.537316004047170281
thomas_solver_inplace____cuda_326a9d7459,cuda,9.618853000574745238,10.567531993729062378
thomas_solver_inplace____cuda_326a9d7459,cuda,9.598435004591010511,10.534570988966152072
thomas_solver_inplace____cuda_326a9d7459,cuda,9.593975992174819112,10.531706007895991206
thomas_solver_inplace____cuda_326a9d7459,cuda,9.642607998102903366,10.579655994661152363
thomas_solver_inplace____cuda_326a9d7459,cuda,9.612712005036883056,10.550160004640929401
thomas_solver_inplace____cuda_326a9d7459,cuda,9.623842997825704515,10.591618003672920167
thomas_solver_inplace____cuda_326a9d7459,cuda,9.630454995203763247,10.573062987532466650
thomas_solver_inplace____cuda_326a9d7459,cuda,9.621377990697510540,10.549408994847908616
thomas_solver_inplace____cuda_326a9d7459,cuda,9.614365000743418932,10.555018990999087691
thomas_solver_inplace____cuda_326a9d7459,cuda,9.621729011996649206,10.554146996582858264
thomas_solver_inplace____cuda_326a9d7459,cuda,9.592021990101784468,10.561520990449935198
thomas_solver_inplace____cuda_326a9d7459,cuda,9.610115987015888095,10.547084006248041987
thomas_solver_inplace____cuda_326a9d7459,cuda,9.602652993635274470,10.536504996707662940
thomas_solver_inplace____cuda_326a9d7459,cuda,9.611458997824229300,10.562212992226704955
thomas_solver_inplace____cuda_326a9d7459,cuda,9.644612000556662679,10.581909999018535018
thomas_solver_inplace____cuda_326a9d7459,cuda,9.616148003260605037,10.566380005911923945
thomas_solver_inplace____cuda_326a9d7459,cuda,9.611429006326943636,10.565429009147919714
thomas_solver_inplace____cuda_326a9d7459,cuda,9.628801999497227371,10.564247000729665160
thomas_solver_inplace____cuda_326a9d7459,cuda,9.617681003874167800,10.556321998592466116
thomas_solver_inplace____cuda_326a9d7459,cuda,9.625275008147582412,10.576870990917086601
thomas_solver_inplace____cuda_326a9d7459,cuda,9.618712996598333120,10.569015998044051230
thomas_solver_inplace____cuda_326a9d7459,cuda,9.579739999026060104,10.514173001865856349
thomas_solver_inplace____cuda_326a9d7459,cuda,9.606078994693234563,10.556512002949602902
thomas_solver_inplace____cuda_326a9d7459,cuda,9.604325998225249350,10.537946989643387496
thomas_solver_inplace____cuda_326a9d7459,cuda,9.607612009858712554,10.543857992161065340
thomas_solver_inplace____cuda_326a9d7459,cuda,9.663598000770434737,10.664885005098767579
thomas_solver_inplace____cuda_326a9d7459,cuda,9.604516992112621665,10.554869004408828914
thomas_solver_inplace____cuda_326a9d7459,cuda,9.613333008019253612,10.549337996053509414
thomas_solver_inplace____cuda_326a9d7459,cuda,9.634461996029131114,10.579375011730007827
thomas_solver_inplace____cuda_326a9d7459,cuda,9.622099008993245661,10.559859001659788191
thomas_solver_inplace____cuda_326a9d7459,cuda,9.637477996875531971,10.639266998623497784
thomas_solver_inplace____cuda_326a9d7459,cuda,9.635064008762128651,10.619509994285181165
thomas_solver_inplace____cuda_326a9d7459,cuda,9.585120002157054842,10.520715004531666636
thomas_solver_inplace____cuda_326a9d7459,cuda,9.611870002117939293,10.551943996688351035
thomas_solver_inplace____cuda_326a9d7459,cuda,9.621639008400961757,10.563375006313435733
thomas_solver_inplace____cuda_326a9d7459,cuda,9.601639001630246639,10.561570001300424337
thomas_solver_inplace____cuda_326a9d7459,cuda,9.652555992943234742,10.585545998765155673
thomas_solver_inplace____cuda_326a9d7459,cuda,9.638570001698099077,10.629379001329652965
thomas_solver_inplace____cuda_326a9d7459,cuda,9.603355007129721344,10.543477997998706996
thomas_solver_inplace____cuda_326a9d7459,cuda,9.637698007281869650,10.577882014331407845
thomas_solver_inplace____cuda_326a9d7459,cuda,9.621178003726527095,10.574284999165683985
thomas_solver_inplace____cuda_326a9d7459,cuda,9.612601003027521074,10.553216008702293038
thomas_solver_inplace____cuda_326a9d7459,cuda,9.626839004340581596,10.573753999779000878
thomas_solver_inplace____cuda_326a9d7459,cuda,9.617589996196329594,10.557273999438621104
thomas_solver_inplace____cuda_326a9d7459,cuda,9.608063002815470099,10.544029006268829107
thomas_solver_inplace____cuda_326a9d7459,cuda,9.639962998335249722,10.595956002362072468
thomas_solver_inplace____cuda_326a9d7459,cuda,9.583387000020593405,10.522057011257857084
thomas_solver_inplace____cuda_326a9d7459,cuda,9.659440009272657335,10.598780994769185781
thomas_solver_inplace____cuda_326a9d7459,cuda,9.621618999517522752,10.565719989244826138
thomas_solver_inplace____cuda_326a9d7459,cuda,9.604887003661133349,10.546543999225832522
thomas_solver_inplace____cuda_326a9d7459,cuda,9.641986995120532811,10.594423991278745234
thomas_solver_inplace____cuda_326a9d7459,cuda,9.621568999136798084,10.566370008746162057
thomas_solver_inplace____cuda_326a9d7459,cuda,9.620095996069721878,10.554919994319789112
thomas_solver_inplace____cuda_326a9d7459,cuda,9.622761004720814526,10.565308999503031373
thomas_solver_inplace____cuda_326a9d7459,cuda,9.637928989832289517,10.593451996101066470
thomas_solver_inplace____cuda_326a9d7459,cuda,9.618463009246625006,10.570497994194738567
thomas_solver_inplace____cuda_326a9d7459,cuda,9.622711004340089858,10.558255002251826227
thomas_solver_inplace____cuda_326a9d7459,cuda,9.589408000465482473,10.540250994381494820
thomas_solver_inplace____cuda_326a9d7459,cuda,9.637168011977337301,10.576971006230451167
thomas_solver_inplace____cuda_326a9d7459,cuda,9.602692996850237250,10.542506002821028233
thomas_solver_inplace____cuda_326a9d7459,cuda,9.613072004867717624,10.583732990198768675
thomas_solver_inplace____cuda_326a9d7459,cuda,9.640463991672731936,10.584825999103486538
thomas_solver_inplace____cuda_326a9d7459,cuda,9.614785012672655284,10.556282009929418564
thomas_solver_inplace____cuda_326a9d7459,cuda,9.613443005946464837,10.565409000264480710
thomas_solver_inplace____cuda_326a9d7459,cuda,9.629051986848935485,10.571630002232268453
thomas_solver_inplace____cuda_326a9d7459,cuda,9.634101996198296547,10.595063999062404037
thomas_solver_inplace____cuda_326a9d7459,cuda,9.614594993763603270,10.559105998254381120
thomas_solver_inplace____cuda_326a9d7459,cuda,9.622049008612520993,10.563585005002096295
thomas_solver_inplace____cuda_326a9d7459,cuda,9.587934997398406267,10.523940989514812827
thomas_solver_inplace____cuda_326a9d7459,cuda,9.603975006029941142,10.550431004958227277
thomas_solver_inplace____cuda_326a9d7459,cuda,9.602973994333297014,10.567451987299136817
thomas_solver_inplace____cuda_326a9d7459,cuda,9.591872993041761220,10.534520988585427403
thomas_solver_inplace____cuda_326a9d7459,cuda,9.641576005378738046,10.580097005004063249
thomas_solver_inplace____cuda_326a9d7459,cuda,9.614835988031700253,10.553065993008203804
thomas_solver_inplace____cuda_326a9d7459,cuda,9.632088011130690575,10.564598007476888597
thomas_solver_inplace____cuda_326a9d7459,cuda,9.631225999328307807,10.588892997475340962
thomas_solver_inplace____cuda_326a9d7459,cuda,9.625033999327570200,10.564697993686422706
thomas_solver_inplace____cuda_326a9d7459,cuda,9.612581998226232827,10.551441999268718064
thomas_solver_inplace____cuda_326a9d7459,cuda,9.627920997445471585,10.565849006525240839
thomas_solver_inplace____cuda_326a9d7459,cuda,25.981728991609998047,27.027187999919988215
thomas_solver_inplace____cuda_326a9d7459,cuda,9.585202991729602218,10.569337988272309303
thomas_solver_inplace____cuda_326a9d7459,cuda,9.607133993995375931,10.554799999226815999
thomas_solver_inplace____cuda_326a9d7459,cuda,9.601063007721677423,10.567853998509235680
thomas_solver_inplace____cuda_326a9d7459,cuda,9.606432999134995043,10.560320006334222853
thomas_solver_inplace____cuda_326a9d7459,cuda,9.650915002566762269,10.594081992167048156
thomas_solver_inplace____cuda_326a9d7459,cuda,9.601764002582058311,10.567563993390649557
thomas_solver_inplace____cuda_326a9d7459,cuda,9.615238988772034645,10.564418000285513699
thomas_solver_inplace____cuda_326a9d7459,cuda,9.650895997765474021,10.607950011035427451
thomas_solver_inplace____cuda_326a9d7459,cuda,9.612213994842022657,10.580217000097036362
thomas_solver_inplace____cuda_326a9d7459,cuda,9.611682005925104022,10.565760996541939676
thomas_solver_inplace____cuda_326a9d7459,cuda,9.626417988329194486,10.583281007711775601
thomas_solver_inplace____cuda_326a9d7459,cuda,9.574282012181356549,10.538720001932233572
thomas_solver_inplace____cuda_326a9d7459,cuda,9.610570996301248670,10.556413006270304322
thomas_solver_inplace____cuda_326a9d7459,cuda,9.603968996088951826,10.556562992860563099
thomas_solver_inplace____cuda_326a9d7459,cuda,9.598236996680498123,10.561973002040758729
thomas_solver_inplace____cuda_326a9d7459,cuda,9.653740999056026340,10.595095009193755686
thomas_solver_inplace____cuda_326a9d7459,cuda,9.605479994206689298,10.557504007010720670
thomas_solver_inplace____cuda_326a9d7459,cuda,9.609779008314944804,10.569478006800636649
thomas_solver_inplace____cuda_326a9d7459,cuda,9.659913004725240171,10.610313998768106103
thomas_solver_inplace____cuda_326a9d7459,cuda,9.610741006326861680,10.561663002590648830
thomas_solver_inplace____cuda_326a9d7459,cuda,9.610891007469035685,10.578203990007750690
thomas_solver_inplace____cuda_326a9d7459,cuda,9.622541008866392076,10.568603989668190479
thomas_solver_inplace____cuda_326a9d7459,cuda,9.573670991812832654,10.518583003431558609
thomas_solver_inplace____cuda_326a9d7459,cuda,9.614608003175817430,10.558006004430353642
thomas_solver_inplace____cuda_326a9d7459,cuda,9.611813002265989780,10.564058000454679132
thomas_solver_inplace____cuda_326a9d7459,cuda,9.594760995241813362,10.536995992879383266
thomas_solver_inplace____cuda_326a9d7459,cuda,9.649323008488863707,10.596758002066053450
thomas_solver_inplace____cuda_326a9d7459,cuda,9.598296994226984680,10.547494995989836752
thomas_solver_inplace____cuda_326a9d7459,cuda,9.606281993910670280,10.555632004979997873
thomas_solver_inplace____cuda_326a9d7459,cuda,9.640106000006198883,10.583994997432455420
thomas_solver_inplace____cuda_326a9d7459,cuda,9.609478001948446035,10.557936009718105197
thomas_solver_inplace____cuda_326a9d7459,cuda,9.611181987565942109,10.575377993518486619
thomas_solver_inplace____cuda_326a9d7459,cuda,9.624645012081600726,10.571809994871728122
thomas_solver_inplace____cuda_326a9d7459,cuda,9.597586002200841904,10.547707002842798829
thomas_solver_inplace____cuda_326a9d7459,cuda,9.607164000044576824,10.575980006251484156
thomas_solver_inplace____cuda_326a9d7459,cuda,9.625028003938496113,10.586108997813425958
thomas_solver_inplace____cuda_326a9d7459,cuda,9.595381998224183917,10.543108001002110541
thomas_solver_inplace____cuda_326a9d7459,cuda,9.656776004703715444,10.614500002702698112
thomas_solver_inplace____cuda_326a9d7459,cuda,9.597896991181187332,10.548026009928435087
thomas_solver_inplace____cuda_326a9d7459,cuda,9.617272997274994850,10.567042991169728339
thomas_solver_inplace____cuda_326a9d7459,cuda,9.661735995905473828,10.620813001878559589
thomas_solver_inplace____cuda_326a9d7459,cuda,9.602375008398666978,10.557606001384556293
thomas_solver_inplace____cuda_326a9d7459,cuda,9.625809005228802562,10.579926994978450239
thomas_solver_inplace____cuda_326a9d7459,cuda,9.628070998587645590,10.594762992695905268
thomas_solver_inplace____cuda_326a9d7459,cuda,9.610130000510253012,10.563146002823486924
thomas_solver_inplace____cuda_326a9d7459,cuda,9.606071995222009718,10.547726997174322605
thomas_solver_inplace____cuda_326a9d7459,cuda,9.610990993678569794,10.576289991149678826
thomas_solver_inplace____cuda_326a9d7459,cuda,9.576566997566260397,10.527268997975625098
thomas_solver_inplace____cuda_326a9d7459,cuda,9.639493000577203929,10.598010005196556449
thomas_solver_inplace____cuda_326a9d7459,cuda,9.603858008631505072,10.564747994067147374
thomas_solver_inplace____cuda_326a9d7459,cuda,9.608848005882464349,10.561221992247737944
thomas_solver_inplace____cuda_326a9d7459,cuda,9.662516997195780277,10.604594004689715803
thomas_solver_inplace____cuda_326a9d7459,cuda,9.601664001820608974,10.565019008936360478
thomas_solver_inplace____cuda_326a9d7459,cuda,9.610961002181284130,10.556002001976594329
thomas_solver_inplace____cuda_326a9d7459,cuda,9.628372004954144359,10.573563995421864092
thomas_solver_inplace____cuda_326a9d7459,cuda,9.626669998397119343,10.581911003100685775
thomas_solver_inplace____cuda_326a9d7459,cuda,9.603416998288594186,10.554890002822503448
thomas_solver_inplace____cuda_326a9d7459,cuda,9.605590996216051280,10.568767000222578645
thomas_solver_inplace____cuda_326a9d7459,cuda,9.579933001077733934,10.532507993048056960
thomas_solver_inplace____cuda_326a9d7459,cuda,9.621889999834820628,10.559877002378925681
thomas_solver_inplace____cuda_326a9d7459,cuda,9.607173997210338712,10.561463001067750156
thomas_solver_inplace____cuda_326a9d7459,cuda,9.608596999896690249,10.551743995165452361
thomas_solver_inplace____cuda_326a9d7459,cuda,9.646257996791973710,10.595947998808696866
thomas_solver_inplace____cuda_326a9d7459,cuda,9.604459002730436623,10.551775005296804011
thomas_solver_inplace____cuda_326a9d7459,cuda,9.614378010155633092,10.569227000814862549
thomas_solver_inplace____cuda_326a9d7459,cuda,9.633481997298076749,10.579313995549455285
thomas_solver_inplace____cuda_326a9d7459,cuda,9.626690996810793877,10.578182991594076157
thomas_solver_inplace____cuda_326a9d7459,cuda,9.609378001186996698,10.557714995229616761
thomas_solver_inplace____cuda_326a9d7459,cuda,9.609187996829859912,10.558957990724593401
thomas_solver_inplace____cuda_326a9d7459,cuda,9.572228998877108097,10.526286001550033689
thomas_solver_inplace____cuda_326a9d7459,cuda,9.619585995096713305,10.571127990260720253
thomas_solver_inplace____cuda_326a9d7459,cuda,9.605511004338040948,10.546525008976459503
thomas_solver_inplace____cuda_326a9d7459,cuda,9.608487001969479024,10.566692013526335359
thomas_solver_inplace____cuda_326a9d7459,cuda,9.652539010858163238,10.622466987115330994
thomas_solver_inplace____cuda_326a9d7459,cuda,9.601183002814650536,10.546293997322209179
thomas_solver_inplace____cuda_326a9d7459,cuda,9.610399996745400131,10.565059012151323259
thomas_solver_inplace____cuda_326a9d7459,cuda,9.637939991080202162,10.592589998850598931
thomas_solver_inplace____cuda_326a9d7459,cuda,9.604920007404871285,10.549339989665895700
thomas_solver_inplace____cuda_326a9d7459,cuda,9.602624995750375092,10.557836008956655860
thomas_solver_inplace____cuda_326a9d7459,cuda,9.608006002963520586,10.551703991950489581
thomas_solver_inplace____cuda_326a9d7459,cuda,9.568050998495891690,10.520294992602430284
thomas_solver_inplace____cuda_326a9d7459,cuda,9.610117995180189610,10.564206997514702380
thomas_solver_inplace____cuda_326a9d7459,cuda,9.604828999727033079,10.554077991400845349
thomas_solver_inplace____cuda_326a9d7459,cuda,9.605851999367587268,10.548307996941730380
thomas_solver_inplace____cuda_326a9d7459,cuda,9.654002002207562327,10.609421995468437672
thomas_solver_inplace____cuda_326a9d7459,cuda,9.606614010408520699,10.553326996159739792
thomas_solver_inplace____cuda_326a9d7459,cuda,9.609036991605535150,10.557736008195206523
thomas_solver_inplace____cuda_326a9d7459,cuda,9.635476002586074173,10.585935990093275905
thomas_solver_inplace____cuda_326a9d7459,cuda,9.605331011698581278,10.557233996223658323
thomas_solver_inplace____cuda_326a9d7459,cuda,9.608196007320657372,10.554599997703917325
thomas_solver_inplace____cuda_326a9d7459,cuda,9.607013998902402818,10.557714995229616761
thomas_solver_inplace____cuda_326a9d7459,cuda,9.562008999637328088,10.513752989936619997
thomas_solver_inplace____cuda_326a9d7459,cuda,9.607614003471098840,10.559247006312943995
thomas_solver_inplace____cuda_326a9d7459,cuda,9.601262994692660868,10.594002989819273353
thomas_solver_inplace____cuda_326a9d7459,cuda,9.605481012840755284,10.553667001659050584
thomas_solver_inplace____cuda_326a9d7459,cuda,9.652900000219233334,10.608319993480108678
thomas_solver_inplace____cuda_326a9d7459,cuda,9.613305999664589763,10.547576996032148600
thomas_solver_inplace____cuda_326a9d7459,cuda,9.611702000256627798,10.556413006270304322
thomas_solver_inplace____cuda_326a9d7459,cuda,9.635716007323935628,10.602006004774011672
thomas_solver_inplace____cuda_326a9d7459,cuda,29.120021994458511472,30.206004012143239379
thomas_solver_inplace____cuda_326a9d7459,cuda,8.970997005235403776,10.049086005892604589
thomas_solver_inplace____cuda_326a9d7459,cuda,8.972267998615279794,10.077957995235919952
thomas_solver_inplace____cuda_326a9d7459,cuda,8.944068002165295184,10.025882991612888873
thomas_solver_inplace____cuda_326a9d7459,cuda,8.967469009803608060,10.099538994836620986
thomas_solver_inplace____cuda_326a9d7459,cuda,8.909972995752468705,9.965479010134004056
thomas_solver_inplace____cuda_326a9d7459,cuda,9.742239999468438327,10.713497991673648357
thomas_solver_inplace____cuda_326a9d7459,cuda,9.762820001924410462,10.728777997428551316
thomas_solver_inplace____cuda_326a9d7459,cuda,9.779750005691312253,10.811322004883550107
thomas_solver_inplace____cuda_326a9d7459,cuda,10.086895999847911298,11.050410001189447939
thomas_solver_inplace____cuda_326a9d7459,cuda,8.887470001354813576,9.891820009215734899
thomas_solver_inplace____cuda_326a9d7459,cuda,8.893122008885256946,9.837399993557482958
thomas_solver_inplace____cuda_326a9d7459,cuda,8.856601998559199274,9.824193999520502985
thomas_solver_inplace____cuda_326a9d7459,cuda,8.872043006704188883,9.815048004384152591
thomas_solver_inplace____cuda_326a9d7459,cuda,8.870367004419676960,9.823601998505182564
thomas_solver_inplace____cuda_326a9d7459,cuda,8.886516996426507831,9.832969008130021393
thomas_solver_inplace____cuda_326a9d7459,cuda,8.896547995391301811,9.858479010290466249
thomas_solver_inplace____cuda_326a9d7459,cuda,8.874364997609518468,9.820094986935146153
thomas_solver_inplace____cuda_326a9d7459,cuda,8.873775004758499563,9.887412990792654455
thomas_solver_inplace____cuda_326a9d7459,cuda,8.878141990862786770,9.821077997912652791
thomas_solver_inplace____cuda_326a9d7459,cuda,8.885037008440122008,9.846856992226094007
thomas_solver_inplace____cuda_326a9d7459,cuda,8.891436998965218663,9.835163989919237792
thomas_solver_inplace____cuda_326a9d7459,cuda,8.880408000550232828,9.837839999818243086
thomas_solver_inplace____cuda_326a9d7459,cuda,8.921301996451802552,9.872132999589666724
thomas_solver_inplace____cuda_326a9d7459,cuda,8.909933007089421153,9.851486000115983188
thomas_solver_inplace____cuda_326a9d7459,cuda,8.900172993890009820,9.841085004154592752
thomas_solver_inplace____cuda_326a9d7459,cuda,8.905864000553265214,9.852105999016202986
thomas_solver_inplace____cuda_326a9d7459,cuda,8.888251992175355554,9.830476003116928041
thomas_solver_inplace____cuda_326a9d7459,cuda,8.925760994316078722,9.871763002593070269
thomas_solver_inplace____cuda_326a9d7459,cuda,8.921513988752849400,9.861665006610564888
thomas_solver_inplace____cuda_326a9d7459,cuda,8.904071000870317221,9.854720003204420209
thomas_solver_inplace____cuda_326a9d7459,cuda,8.900184999220073223,9.850204005488194525
thomas_solver_inplace____cuda_326a9d7459,cuda,8.883461006917059422,9.825685992836952209
thomas_solver_inplace____cuda_326a9d7459,cuda,8.928618000936694443,9.872474998701363802
thomas_solver_inplace____cuda_326a9d7459,cuda,8.925259986426681280,9.884374987450428307
thomas_solver_inplace____cuda_326a9d7459,cuda,8.909993004635907710,9.858529010671190917
thomas_solver_inplace____cuda_326a9d7459,cuda,8.891296994988806546,9.840473998337984085
thomas_solver_inplace____cuda_326a9d7459,cuda,8.890967001207172871,9.840855011134408414
thomas_solver_inplace____cuda_326a9d7459,cuda,8.924219000618904829,9.866232998319901526
thomas_solver_inplace____cuda_326a9d7459,cuda,8.911484997952356935,9.865621002973057330
thomas_solver_inplace____cuda_326a9d7459,cuda,8.903390000341460109,9.848689995124004781
thomas_solver_inplace____cuda_326a9d7459,cuda,8.880096007487736642,9.834652999415993690
thomas_solver_inplace____cuda_326a9d7459,cuda,8.896156999981030822,9.840063998126424849
thomas_solver_inplace____cuda_326a9d7459,cuda,8.905352995498105884,9.860031001153402030
thomas_solver_inplace____cuda_326a9d7459,cuda,8.873173996107652783,9.823864005738869309
thomas_solver_inplace____cuda_326a9d7459,cuda,8.887258998584002256,9.856093005510047078
thomas_solver_inplace____cuda_326a9d7459,cuda,8.886087991413660347,9.847850000369362533
thomas_solver_inplace____cuda_326a9d7459,cuda,8.912506003980524838,9.861874001217074692
thomas_solver_inplace____cuda_326a9d7459,cuda,8.906386006856337190,9.862054997938685119
thomas_solver_inplace____cuda_326a9d7459,cuda,8.866290008882060647,9.820185994612984359
thomas_solver_inplace____cuda_326a9d7459,cuda,8.872742997482419014,9.813574986765161157
thomas_solver_inplace____cuda_326a9d7459,cuda,8.897198000340722501,9.843189007369801402
thomas_solver_inplace____cuda_326a9d7459,cuda,8.903739988454617560,9.857305005425587296
thomas_solver_inplace____cuda_326a9d7459,cuda,8.921344997361302376,9.877966003841720521
thomas_solver_inplace____cuda_326a9d7459,cuda,8.872731996234506369,9.812721997150219977
thomas_solver_inplace____cuda_326a9d7459,cuda,8.894434999092482030,9.854891992290504277
thomas_solver_inplace____cuda_326a9d7459,cuda,8.908708987291902304,9.848197994870133698
thomas_solver_inplace____cuda_326a9d7459,cuda,8.909601994673721492,9.862427003099583089
thomas_solver_inplace____cuda_326a9d7459,cuda,8.897708990843966603,9.843268999247811735
thomas_solver_inplace____cuda_326a9d7459,cuda,8.878214008291251957,9.843501000432297587
thomas_solver_inplace____cuda_326a9d7459,cuda,8.939025996369309723,9.906537001370452344
thomas_solver_inplace____cuda_326a9d7459,cuda,8.916606006096117198,9.877645003143697977
thomas_solver_inplace____cuda_326a9d7459,cuda,8.917264989577233791,9.872542999801225960
thomas_solver_inplace____cuda_326a9d7459,cuda,8.905152993975207210,9.866462001809850335
thomas_solver_inplace____cuda_326a9d7459,cuda,8.886890005669556558,9.855733995209448040
thomas_solver_inplace____cuda_326a9d7459,cuda,8.934717989177443087,9.888322994811460376
thomas_solver_inplace____cuda_326a9d7459,cuda,9.133211002335883677,10.082178006996400654
thomas_solver_inplace____cuda_326a9d7459,cuda,8.984109997982159257,9.984683987568132579
thomas_solver_inplace____cuda_326a9d7459,cuda,18.476544006261974573,19.434859001194126904
thomas_solver_inplace____cuda_326a9d7459,cuda,8.932324999477714300,9.901098994305357337
thomas_solver_inplace____cuda_326a9d7459,cuda,8.923276007408276200,9.871080997982062399
thomas_solver_inplace____cuda_326a9d7459,cuda,8.916885999497026205,9.859060010057874024
thomas_solver_inplace____cuda_326a9d7459,cuda,8.888340991688892245,9.833661009906791151
thomas_solver_inplace____cuda_326a9d7459,cuda,8.879034008714370430,9.845492997555993497
thomas_solver_inplace____cuda_326a9d7459,cuda,8.932445009122602642,9.874960000161081553
thomas_solver_inplace____cuda_326a9d7459,cuda,8.910251999623142183,9.851584996795281768
thomas_solver_inplace____cuda_326a9d7459,cuda,8.887741001672111452,9.832359995925799012
thomas_solver_inplace____cuda_326a9d7459,cuda,8.881147994543425739,9.824793989537283778
thomas_solver_inplace____cuda_326a9d7459,cuda,8.902949994080699980,9.852287999819964170
thomas_solver_inplace____cuda_326a9d7459,cuda,8.922103996155783534,9.862845996394753456
thomas_solver_inplace____cuda_326a9d7459,cuda,8.902489003958180547,9.859351004706695676
thomas_solver_inplace____cuda_326a9d7459,cuda,8.897938998416066170,9.839502003160305321
thomas_solver_inplace____cuda_326a9d7459,cuda,8.901837994926609099,9.847858993452973664
thomas_solver_inplace____cuda_326a9d7459,cuda,8.896657003788277507,9.870018999208696187
thomas_solver_inplace____cuda_326a9d7459,cuda,8.919710991904139519,9.876420997898094356
thomas_solver_inplace____cuda_326a9d7459,cuda,8.886177995009347796,9.831948002101853490
thomas_solver_inplace____cuda_326a9d7459,cuda,8.888112002750858665,9.851374008576385677
thomas_solver_inplace____cuda_326a9d7459,cuda,8.897519001038745046,9.840255006565712392
thomas_solver_inplace____cuda_326a9d7459,cuda,8.894543003407306969,9.852336006588302553
thomas_solver_inplace____cuda_326a9d7459,cuda,8.908819989301264286,9.846596003626473248
thomas_solver_inplace____cuda_326a9d7459,cuda,8.879804998286999762,9.841314997174777091
thomas_solver_inplace____cuda_326a9d7459,cuda,8.878535008989274502,9.820178005611523986
thomas_solver_inplace____cuda_326a9d7459,cuda,8.902457004296593368,9.846354005276225507
thomas_solver_inplace____cuda_326a9d7459,cuda,8.915033002267591655,9.856135002337396145
thomas_solver_inplace____cuda_326a9d7459,cuda,8.909550000680610538,9.860841004410758615
thomas_solver_inplace____cuda_326a9d7459,cuda,8.891988996765576303,9.849412002949975431
thomas_solver_inplace____cuda_326a9d7459,cuda,8.928858005674555898,9.876181997242383659
thomas_solver_inplace____cuda_326a9d7459,cuda,8.916423990740440786,9.864409003057517111
thomas_solver_inplace____cuda_326a9d7459,cuda,8.914801001083105803,9.854490999714471400
thomas_solver_inplace____cuda_326a9d7459,cuda,8.911245007766410708,9.855932992650195956
thomas_solver_inplace____gtcuda_326a9d7459,gtcuda,17.770977006875909865,18.815953008015640080
thomas_solver_inplace____gtcuda_326a9d7459,gtcuda,8.840604990837164223,9.843513005762360990
thomas_solver_inplace____gtcuda_326a9d7459,gtcuda,8.795008994638919830,9.790943004190921783
thomas_solver_inplace____gtcuda_326a9d7459,gtcuda,8.861402995535172522,9.836327997618354857
thomas_solver_inplace____gtcuda_326a9d7459,gtcuda,8.805238001514226198,9.780413005501031876
thomas_solver_inplace____gtcuda_326a9d7459,gtcuda,8.796691996394656599,9.770684991963207722
thomas_solver_inplace____gtcuda_326a9d7459,gtcuda,8.834571999614126980,9.841238002991303802
thomas_solver_inplace____gtcuda_326a9d7459,gtcuda,8.791511994786560535,9.818826001719571650
thomas_solver_inplace____gtcuda_326a9d7459,gtcuda,8.842098992317914963,9.818086007726378739
thomas_solver_inplace____gtcuda_326a9d7459,gtcuda,8.823903001029975712,9.810711009777151048
thomas_solver_inplace____gtcuda_326a9d7459,gtcuda,8.800077994237653911,9.780314008821733296
thomas_solver_inplace____gtcuda_326a9d7459,gtcuda,8.840524009428918362,9.837190009420737624
thomas_solver_inplace____gtcuda_326a9d7459,gtcuda,8.797282003797590733,9.790272000827826560
thomas_solver_inplace____gtcuda_326a9d7459,gtcuda,8.868215998518280685,9.887534994049929082
thomas_solver_inplace____gtcuda_326a9d7459,gtcuda,8.821568000712431967,9.803987995837815106
thomas_solver_inplace____gtcuda_326a9d7459,gtcuda,8.802313008345663548,9.791004995349794626
thomas_solver_inplace____gtcuda_326a9d7459,gtcuda,8.829824990243650973,9.814568998990580440
thomas_solver_inplace____gtcuda_326a9d7459,gtcuda,8.802021999144926667,9.812413991312496364
thomas_solver_inplace____gtcuda_326a9d7459,gtcuda,8.836635999614372849,9.817133002798072994
thomas_solver_inplace____gtcuda_326a9d7459,gtcuda,8.778137009358033538,9.800913001527078450
thomas_solver_inplace____gtcuda_326a9d7459,gtcuda,8.814654996967874467,9.802164000575430691
thomas_solver_inplace____gtcuda_326a9d7459,gtcuda,8.829041995340958238,9.824335997109301388
thomas_solver_inplace____gtcuda_326a9d7459,gtcuda,8.795039000688120723,9.764124013599939644
thomas_solver_inplace____gtcuda_326a9d7459,gtcuda,8.815819004666991532,9.801663996768184006
thomas_solver_inplace____gtcuda_326a9d7459,gtcuda,8.778267991147004068,9.754154991242103279
thomas_solver_inplace____gtcuda_326a9d7459,gtcuda,8.808333994238637388,9.804699991946108639
thomas_solver_inplace____gtcuda_326a9d7459,gtcuda,8.829743004753254354,9.805370995309203863
thomas_solver_inplace____gtcuda_326a9d7459,gtcuda,8.784228004515171051,9.753022997756488621
thomas_solver_inplace____gtcuda_326a9d7459,gtcuda,8.829103011521510780,9.811191004700958729
thomas_solver_inplace____gtcuda_326a9d7459,gtcuda,8.781312993960455060,9.772147997864522040
thomas_solver_inplace____gtcuda_326a9d7459,gtcuda,8.881341011147014797,9.881503996439278126
thomas_solver_inplace____gtcuda_326a9d7459,gtcuda,8.813313994323834777,9.788979994482360780
thomas_solver_inplace____gtcuda_326a9d7459,gtcuda,8.804967001196928322,9.811723008169792593
thomas_solver_inplace____gtcuda_326a9d7459,gtcuda,8.830604987451806664,9.801893989788368344
thomas_solver_inplace____gtcuda_326a9d7459,gtcuda,8.789487998001277447,9.787967996089719236
thomas_solver_inplace____gtcuda_326a9d7459,gtcuda,8.840123002300970256,9.810489995288662612
thomas_solver_inplace____gtcuda_326a9d7459,gtcuda,8.831216997350566089,9.855153999524191022
thomas_solver_inplace____gtcuda_326a9d7459,gtcuda,8.809284991002641618,9.783951012650504708
thomas_solver_inplace____gtcuda_326a9d7459,gtcuda,8.833853004034608603,9.838193000177852809
thomas_solver_inplace____gtcuda_326a9d7459,gtcuda,8.806410987745039165,9.826070003327913582
thomas_solver_inplace____gtcuda_326a9d7459,gtcuda,8.854820000124163926,9.834094002144411206
thomas_solver_inplace____gtcuda_326a9d7459,gtcuda,8.858657995006069541,9.918623007251881063
thomas_solver_inplace____gtcuda_326a9d7459,gtcuda,8.832218009047210217,9.855985001195222139
thomas_solver_inplace____gtcuda_326a9d7459,gtcuda,8.852846993249841034,9.834944998146966100
thomas_solver_inplace____gtcuda_326a9d7459,gtcuda,8.814635002636350691,9.871474001556634903
thomas_solver_inplace____gtcuda_326a9d7459,gtcuda,8.829844009596854448,9.781937013030983508
thomas_solver_inplace____gtcuda_326a9d7459,gtcuda,8.798676994047127664,9.756359999300912023
thomas_solver_inplace____gtcuda_326a9d7459,gtcuda,8.830604987451806664,9.810187999391928315
thomas_solver_inplace____gtcuda_326a9d7459,gtcuda,8.831507991999387741,9.786226000869646668
thomas_solver_inplace____gtcuda_326a9d7459,gtcuda,8.794187000603415072,9.747182004502974451
thomas_solver_inplace____gtcuda_326a9d7459,gtcuda,8.823311000014655292,9.772157995030283928
thomas_solver_inplace____gtcuda_326a9d7459,gtcuda,8.761636010603979230,9.754203987540677190
thomas_solver_inplace____gtcuda_326a9d7459,gtcuda,8.809795996057800949,9.803166001802310348
thomas_solver_inplace____gtcuda_326a9d7459,gtcuda,8.831637998810037971,9.860845006187446415
thomas_solver_inplace____gtcuda_326a9d7459,gtcuda,8.826937992125749588,9.827611997025087476
thomas_solver_inplace____gtcuda_326a9d7459,gtcuda,8.830286009470000863,9.817092999583110213
thomas_solver_inplace____gtcuda_326a9d7459,gtcuda,8.788758001173846424,9.767681010998785496
thomas_solver_inplace____gtcuda_326a9d7459,gtcuda,8.866301999660208821,9.852128001512028277
thomas_solver_inplace____gtcuda_326a9d7459,gtcuda,8.826496996334753931,9.809187002247199416
thomas_solver_inplace____gtcuda_326a9d7459,gtcuda,8.814546003122814000,9.829945993260480464
thomas_solver_inplace____gtcuda_326a9d7459,gtcuda,8.830074992147274315,9.837251011049374938
thomas_solver_inplace____gtcuda_326a9d7459,gtcuda,8.785759986494667828,9.782205990632064641
thomas_solver_inplace____gtcuda_326a9d7459,gtcuda,8.861804002663120627,9.844505009823478758
thomas_solver_inplace____gtcuda_326a9d7459,gtcuda,8.832259991322644055,9.825279004871845245
thomas_solver_inplace____gtcuda_326a9d7459,gtcuda,8.801190997473895550,9.783920002519153059
thomas_solver_inplace____gtcuda_326a9d7459,gtcuda,8.833800995489582419,9.826920999330468476
thomas_solver_inplace____gtcuda_326a9d7459,gtcuda,8.805839010165072978,9.795762001886032522
thomas_solver_inplace____gtcuda_326a9d7459,gtcuda,8.849008998367935419,9.831589995883405209
thomas_solver_inplace____gtcuda_326a9d7459,gtcuda,8.815918001346290112,9.805409994442015886
thomas_solver_inplace____gtcuda_326a9d7459,gtcuda,8.792344000539742410,9.776738006621599197
thomas_solver_inplace____gtcuda_326a9d7459,gtcuda,8.835415996145457029,9.852841001702472568
thomas_solver_inplace____gtcuda_326a9d7459,gtcuda,8.797293994575738907,9.787036004127003253
thomas_solver_inplace____gtcuda_326a9d7459,gtcuda,8.835495013045147061,9.845295993727631867
thomas_solver_inplace____gtcuda_326a9d7459,gtcuda,8.782083998084999621,9.758202999364584684
thomas_solver_inplace____gtcuda_326a9d7459,gtcuda,8.804586992482654750,9.784891997696831822
thomas_solver_inplace____gtcuda_326a9d7459,gtcuda,8.843559000524692237,9.841136998147703707
thomas_solver_inplace____gtcuda_326a9d7459,gtcuda,8.793294997303746641,9.787838003830984235
thomas_solver_inplace____gtcuda_326a9d7459,gtcuda,8.826788995065726340,9.798508996027521789
thomas_solver_inplace____gtcuda_326a9d7459,gtcuda,8.763360994635149837,9.734277991810813546
thomas_solver_inplace____gtcuda_326a9d7459,gtcuda,8.813364009256474674,9.792716999072581530
thomas_solver_inplace____gtcuda_326a9d7459,gtcuda,8.822860996588133276,9.799609993933700025
thomas_solver_inplace____gtcuda_326a9d7459,gtcuda,8.807400998193770647,9.808627000893466175
thomas_solver_inplace____gtcuda_326a9d7459,gtcuda,8.817050009383819997,9.793858989723958075
thomas_solver_inplace____gtcuda_326a9d7459,gtcuda,8.779529001913033426,9.755506995134055614
thomas_solver_inplace____gtcuda_326a9d7459,gtcuda,8.848579003824852407,9.825439003179781139
thomas_solver_inplace____gtcuda_326a9d7459,gtcuda,8.795631001703441143,9.778181003639474511
thomas_solver_inplace____gtcuda_326a9d7459,gtcuda,8.793516986770555377,9.764644011738710105
thomas_solver_inplace____gtcuda_326a9d7459,gtcuda,8.849160003592260182,9.865412997896783054
thomas_solver_inplace____gtcuda_326a9d7459,gtcuda,8.793975997832603753,9.765515991603024304
thomas_solver_inplace____gtcuda_326a9d7459,gtcuda,8.849881996866315603,9.814687990001402795
thomas_solver_inplace____gtcuda_326a9d7459,gtcuda,8.819644994218833745,9.791614997084252536
thomas_solver_inplace____gtcuda_326a9d7459,gtcuda,8.786031001363880932,9.757089996128343046
thomas_solver_inplace____gtcuda_326a9d7459,gtcuda,8.823252006550319493,9.803077002288773656
thomas_solver_inplace____gtcuda_326a9d7459,gtcuda,8.805881006992422044,9.810860996367409825
thomas_solver_inplace____gtcuda_326a9d7459,gtcuda,8.849552003084681928,9.831718998611904681
thomas_solver_inplace____gtcuda_326a9d7459,gtcuda,8.810977989924140275,9.783319008420221508
thomas_solver_inplace____gtcuda_326a9d7459,gtcuda,8.790430001681670547,9.776276012416929007
thomas_solver_inplace____gtcuda_326a9d7459,gtcuda,8.824332995573058724,9.807694994378834963
thomas_solver_inplace____gtcuda_326a9d7459,gtcuda,8.795570000074803829,9.784972004126757383
thomas_solver_inplace____gtcuda_326a9d7459,gtcuda,8.831055994960479438,9.832602008827961981
thomas_solver_inplace____numpy_326a9d7459,numpy,2718.129489017883315682,2719.089825986884534359
thomas_solver_inplace____numpy_326a9d7459,numpy,2675.851047999458387494,2676.848856994183734059
thomas_solver_inplace____numpy_326a9d7459,numpy,2642.240924003999680281,2643.202505016233772039
thomas_solver_inplace____numpy_326a9d7459,numpy,2720.203275996027514338,2721.171088982373476028
thomas_solver_inplace____numpy_326a9d7459,numpy,2744.141012983163818717,2745.132279000245034695
thomas_solver_inplace____numpy_326a9d7459,numpy,2607.595907989889383316,2608.559190994128584862
thomas_solver_inplace____numpy_326a9d7459,numpy,2599.558229005197063088,2600.506033981218934059
thomas_solver_inplace____numpy_326a9d7459,numpy,2580.974909011274576187,2581.920459022512659431
thomas_solver_inplace____numpy_326a9d7459,numpy,2603.498749987920746207,2604.444080003304407001
thomas_solver_inplace____numpy_326a9d7459,numpy,2594.779817998642101884,2595.743510988540947437
thomas_solver_inplace____numpy_326a9d7459,numpy,2557.977613992989063263,2558.893740002531558275
thomas_solver_inplace____numpy_326a9d7459,numpy,2440.511866007000207901,2441.480068024247884750
thomas_solver_inplace____numpy_326a9d7459,numpy,2451.456346025224775076,2452.396356005920097232
thomas_solver_inplace____numpy_326a9d7459,numpy,2464.095371018629521132,2465.018599003087729216
thomas_solver_inplace____numpy_326a9d7459,numpy,2477.439014008268713951,2478.368884010706096888
thomas_solver_inplace____numpy_326a9d7459,numpy,2475.421386014204472303,2476.361565990373492241
thomas_solver_inplace____numpy_326a9d7459,numpy,2477.196179999737069011,2478.124337998451665044
thomas_solver_inplace____numpy_326a9d7459,numpy,2466.885945003014057875,2467.808261979371309280
thomas_solver_inplace____numpy_326a9d7459,numpy,2428.386264014989137650,2429.339788999641314149
thomas_solver_inplace____numpy_326a9d7459,numpy,2434.788119018776342273,2435.746063012629747391
thomas_solver_inplace____numpy_326a9d7459,numpy,2437.838751997333019972,2438.795674010179936886
thomas_solver_inplace____numpy_326a9d7459,numpy,2436.435304989572614431,2437.383879994740709662
thomas_solver_inplace____numpy_326a9d7459,numpy,2433.126439020270481706,2434.061668987851589918
thomas_solver_inplace____numpy_326a9d7459,numpy,2459.592152008553966880,2460.517403989797458053
thomas_solver_inplace____numpy_326a9d7459,numpy,2465.142371016554534435,2466.090506000909954309
thomas_solver_inplace____numpy_326a9d7459,numpy,2476.198032003594562411,2477.129414997762069106
thomas_solver_inplace____numpy_326a9d7459,numpy,2473.997130990028381348,2474.932562006870284677
thomas_solver_inplace____numpy_326a9d7459,numpy,2437.447720003547146916,2438.406535016838461161
thomas_solver_inplace____numpy_326a9d7459,numpy,2421.079324005404487252,2422.023492021253332496
thomas_solver_inplace____numpy_326a9d7459,numpy,2433.277742995414882898,2434.189371007960289717
thomas_solver_inplace____numpy_326a9d7459,numpy,2427.301563991932198405,2428.211749007459729910
thomas_solver_inplace____numpy_326a9d7459,numpy,2443.095094000454992056,2444.034471991471946239
thomas_solver_inplace____numpy_326a9d7459,numpy,2452.015857998048886657,2452.920951996929943562
thomas_solver_inplace____numpy_326a9d7459,numpy,2445.850762975169345737,2446.782537997933104634
thomas_solver_inplace____numpy_326a9d7459,numpy,2435.784989007515832782,2436.712965980404987931
thomas_solver_inplace____numpy_326a9d7459,numpy,2435.151040001073852181,2436.074158002156764269
thomas_solver_inplace____numpy_326a9d7459,numpy,2439.392623025923967361,2440.309780999086797237
thomas_solver_inplace____numpy_326a9d7459,numpy,2438.119217986240983009,2439.049028005683794618
thomas_solver_inplace____numpy_326a9d7459,numpy,2430.737760005285963416,2431.673301995033398271
thomas_solver_inplace____numpy_326a9d7459,numpy,2446.201701997779309750,2447.137212991947308183
thomas_solver_inplace____numpy_326a9d7459,numpy,2444.819874013774096966,2445.763591007562354207
thomas_solver_inplace____numpy_326a9d7459,numpy,2445.463900017784908414,2446.412946999771520495
thomas_solver_inplace____numpy_326a9d7459,numpy,2450.154502002988010645,2451.068302994826808572
thomas_solver_inplace____numpy_326a9d7459,numpy,2451.690098008839413524,2452.626740996493026614
thomas_solver_inplace____numpy_326a9d7459,numpy,2481.562517001293599606,2482.488470996031537652
thomas_solver_inplace____numpy_326a9d7459,numpy,2461.945959978038445115,2462.886872002854943275
thomas_solver_inplace____numpy_326a9d7459,numpy,2451.461820019176229835,2452.413321007043123245
thomas_solver_inplace____numpy_326a9d7459,numpy,2451.661775994580239058,2452.594923990545794368
thomas_solver_inplace____numpy_326a9d7459,numpy,2448.260616976767778397,2449.191448977217078209
thomas_solver_inplace____numpy_326a9d7459,numpy,2450.442022003699094057,2451.377082994440570474
thomas_solver_inplace____numpy_326a9d7459,numpy,2457.932827004697173834,2458.867156004998832941
thomas_solver_inplace____numpy_326a9d7459,numpy,2461.431767005706205964,2462.378380005247890949
thomas_solver_inplace____numpy_326a9d7459,numpy,2447.758776979753747582,2448.698997002793475986
thomas_solver_inplace____numpy_326a9d7459,numpy,2445.027354988269507885,2445.969909022096544504
thomas_solver_inplace____numpy_326a9d7459,numpy,2441.761741007212549448,2442.702772008487954736
thomas_solver_inplace____numpy_326a9d7459,numpy,2467.332183994585648179,2468.302421009866520762
thomas_solver_inplace____numpy_326a9d7459,numpy,2462.741839990485459566,2463.679556007264181972
thomas_solver_inplace____numpy_326a9d7459,numpy,2466.099487995961681008,2467.027727019740268588
thomas_solver_inplace____numpy_326a9d7459,numpy,2459.497435978846624494,2460.429380997084081173
thomas_solver_inplace____numpy_326a9d7459,numpy,2496.245668997289612889,2497.191620001103729010
thomas_solver_inplace____numpy_326a9d7459,numpy,2469.486839981982484460,2470.423844002652913332
thomas_solver_inplace____numpy_326a9d7459,numpy,2462.163217016495764256,2463.100260996725410223
thomas_solver_inplace____numpy_326a9d7459,numpy,2454.639911971753463149,2455.580312001984566450
thomas_solver_inplace____numpy_326a9d7459,numpy,2462.174821004737168550,2463.113268022425472736
thomas_solver_inplace____numpy_326a9d7459,numpy,2482.016048015793785453,2482.939236011588945985
thomas_solver_inplace____numpy_326a9d7459,numpy,2454.929255007300525904,2455.849607998970896006
thomas_solver_inplace____numpy_326a9d7459,numpy,2448.811699985526502132,2449.744707002537325025
thomas_solver_inplace____numpy_326a9d7459,numpy,2451.096699980553239584,2452.020839991746470332
thomas_solver_inplace____numpy_326a9d7459,numpy,2448.083836992736905813,2448.998350009787827730
thomas_solver_inplace____numpy_326a9d7459,numpy,2467.180161998840048909,2468.094144016504287720
thomas_solver_inplace____numpy_326a9d7459,numpy,2457.545132987434044480,2458.497034996980801225
thomas_solver_inplace____numpy_326a9d7459,numpy,2446.452984993811696768,2447.436767979525029659
thomas_solver_inplace____numpy_326a9d7459,numpy,2460.642552003264427185,2461.591929022688418627
thomas_solver_inplace____numpy_326a9d7459,numpy,2448.894285014830529690,2449.811441008932888508
thomas_solver_inplace____numpy_326a9d7459,numpy,2454.709553974680602551,2455.643110995879396796
thomas_solver_inplace____numpy_326a9d7459,numpy,2457.580368994968011975,2458.536760008428245783
thomas_solver_inplace____numpy_326a9d7459,numpy,2458.849816001020371914,2459.773324982961639762
thomas_solver_inplace____numpy_326a9d7459,numpy,2456.576019001659005880,2457.495790993561968207
thomas_solver_inplace____numpy_326a9d7459,numpy,2469.614990986883640289,2470.554108993383124471
thomas_solver_inplace____numpy_326a9d7459,numpy,2455.620088992873206735,2456.549939990509301424
thomas_solver_inplace____numpy_326a9d7459,numpy,2475.892926013329997659,2476.821304997429251671
thomas_solver_inplace____numpy_326a9d7459,numpy,2462.528735020896419883,2463.467291992856189609
thomas_solver_inplace____numpy_326a9d7459,numpy,2460.293998999986797571,2461.239258991554379463
thomas_solver_inplace____numpy_326a9d7459,numpy,2458.026496024103835225,2458.965072990395128727
thomas_solver_inplace____numpy_326a9d7459,numpy,2453.868949989555403590,2454.805743996985256672
thomas_solver_inplace____numpy_326a9d7459,numpy,2450.081108021549880505,2451.031817996408790350
thomas_solver_inplace____numpy_326a9d7459,numpy,2460.091993008973076940,2461.044305993709713221
thomas_solver_inplace____numpy_326a9d7459,numpy,2466.037825011881068349,2466.985359002137556672
thomas_solver_inplace____numpy_326a9d7459,numpy,2466.542759997537359595,2467.472110001835972071
thomas_solver_inplace____numpy_326a9d7459,numpy,2444.051489990670233965,2444.971280987374484539
thomas_solver_inplace____numpy_326a9d7459,numpy,2433.107740012928843498,2434.050445008324459195
thomas_solver_inplace____numpy_326a9d7459,numpy,2447.578184015583246946,2448.495240998454391956
thomas_solver_inplace____numpy_326a9d7459,numpy,2458.957829978317022324,2459.901025984436273575
thomas_solver_inplace____numpy_326a9d7459,numpy,2468.352697993395850062,2469.302387005882337689
thomas_solver_inplace____numpy_326a9d7459,numpy,2468.325578025542199612,2469.280165008967742324
thomas_solver_inplace____numpy_326a9d7459,numpy,2451.844119990710169077,2452.805690991226583719
thomas_solver_inplace____numpy_326a9d7459,numpy,2448.149714007740840316,2449.080496997339650989
thomas_solver_inplace____numpy_326a9d7459,numpy,2442.995161021826788783,2443.930723995435982943
thomas_solver_inplace____numpy_326a9d7459,numpy,2451.929089991608634591,2452.875891991425305605
thomas_solver_inplace____numpy_326a9d7459,numpy,2445.561819011345505714,2446.498101984616369009
thomas_solver_inplace____numpy_326a9d7459,numpy,2456.298981996951624751,2457.276651985011994839
thomas_solver_inplace____numpy_326a9d7459,numpy,2427.082281006732955575,2428.001952008344233036
thomas_solver_inplace____numpy_326a9d7459,numpy,2424.162343988427892327,2425.086022005416452885
thomas_solver_inplace____numpy_326a9d7459,numpy,2428.711560001829639077,2429.633607011055573821
thomas_solver_inplace____numpy_326a9d7459,numpy,2430.734147987095639110,2431.657186010852456093
thomas_solver_inplace____numpy_326a9d7459,numpy,2424.770081008318811655,2425.706262991297990084
thomas_solver_inplace____numpy_326a9d7459,numpy,2429.969174991128966212,2430.885310983285307884
thomas_solver_inplace____numpy_326a9d7459,numpy,2432.568432006519287825,2433.496559999184682965
thomas_solver_inplace____numpy_326a9d7459,numpy,2444.769315014127641916,2445.705677993828430772
thomas_solver_inplace____numpy_326a9d7459,numpy,2453.945948014734312892,2454.891077999491244555
thomas_solver_inplace____cuda_326a9d7459,cuda,23.531077982624992728,24.597604002337902784
thomas_solver_inplace____cuda_326a9d7459,cuda,8.968529000412672758,10.063761001219972968
thomas_solver_inplace____cuda_326a9d7459,cuda,8.900401997379958630,10.109756985912099481
thomas_solver_inplace____cuda_326a9d7459,cuda,8.947040012571960688,9.917087998474016786
thomas_solver_inplace____cuda_326a9d7459,cuda,8.932581986300647259,9.911255008773878217
thomas_solver_inplace____cuda_326a9d7459,cuda,8.937581995269283652,9.906557999784126878
thomas_solver_inplace____cuda_326a9d7459,cuda,8.946066984208300710,9.943165990989655256
thomas_solver_inplace____cuda_326a9d7459,cuda,8.895190985640510917,9.873695002170279622
thomas_solver_inplace____cuda_326a9d7459,cuda,8.942432003095746040,9.911678003845736384
thomas_solver_inplace____cuda_326a9d7459,cuda,8.929004980018362403,9.894353977870196104
thomas_solver_inplace____cuda_326a9d7459,cuda,8.928725001169368625,9.897028008708730340
thomas_solver_inplace____cuda_326a9d7459,cuda,8.945748006226494908,9.924932994181290269
thomas_solver_inplace____cuda_326a9d7459,cuda,8.891685982234776020,9.855321026407182217
thomas_solver_inplace____cuda_326a9d7459,cuda,8.970644994406029582,9.953606000635772943
thomas_solver_inplace____cuda_326a9d7459,cuda,8.924016001401469111,9.892681002384051681
thomas_solver_inplace____cuda_326a9d7459,cuda,8.956878009485080838,9.988972014980390668
thomas_solver_inplace____cuda_326a9d7459,cuda,8.985071006463840604,10.097824997501447797
thomas_solver_inplace____cuda_326a9d7459,cuda,8.923966001020744443,10.025479015894234180
thomas_solver_inplace____cuda_326a9d7459,cuda,8.952921984018757939,10.020031011663377285
thomas_solver_inplace____cuda_326a9d7459,cuda,8.938543003750964999,9.955077024642378092
thomas_solver_inplace____cuda_326a9d7459,cuda,8.919477986637502909,9.924269979819655418
thomas_solver_inplace____cuda_326a9d7459,cuda,8.958211983554065228,9.980255999835208058
thomas_solver_inplace____cuda_326a9d7459,cuda,8.868492004694417119,9.874837007373571396
thomas_solver_inplace____cuda_326a9d7459,cuda,8.939986990299075842,10.057039995444938540
thomas_solver_inplace____cuda_326a9d7459,cuda,8.938262006267905235,9.971618012059479952
thomas_solver_inplace____cuda_326a9d7459,cuda,8.890233992133289576,9.911597007885575294
thomas_solver_inplace____cuda_326a9d7459,cuda,8.938654005760326982,9.939990995917469263
thomas_solver_inplace____cuda_326a9d7459,cuda,8.919287996832281351,9.933637018548324704
thomas_solver_inplace____cuda_326a9d7459,cuda,8.932252007070928812,9.948667022399604321
thomas_solver_inplace____cuda_326a9d7459,cuda,8.935598016250878572,9.984692995203658938
thomas_solver_inplace____cuda_326a9d7459,cuda,8.877950021997094154,9.898260992486029863
thomas_solver_inplace____cuda_326a9d7459,cuda,8.946821006247773767,9.943526994902640581
thomas_solver_inplace____cuda_326a9d7459,cuda,8.926980983233079314,9.960797993699088693
thomas_solver_inplace____cuda_326a9d7459,cuda,8.929036004701629281,9.974483982659876347
thomas_solver_inplace____cuda_326a9d7459,cuda,8.937752019846811891,9.966519020963460207
thomas_solver_inplace____cuda_326a9d7459,cuda,8.874833991285413504,9.891597990645095706
thomas_solver_inplace____cuda_326a9d7459,cuda,8.943404012825340033,9.954477980500087142
thomas_solver_inplace____cuda_326a9d7459,cuda,8.941798994783312082,9.992737002903595567
thomas_solver_inplace____cuda_326a9d7459,cuda,8.920439984649419785,9.965798992197960615
thomas_solver_inplace____cuda_326a9d7459,cuda,8.941938984207808971,10.001585003919899464
thomas_solver_inplace____cuda_326a9d7459,cuda,8.868050994351506233,9.872341994196176529
thomas_solver_inplace____cuda_326a9d7459,cuda,8.937351987697184086,9.941524011082947254
thomas_solver_inplace____cuda_326a9d7459,cuda,8.921390981413424015,9.928076993674039841
thomas_solver_inplace____cuda_326a9d7459,cuda,8.914769015973433852,9.940931020537391305
thomas_solver_inplace____cuda_326a9d7459,cuda,8.946840011049062014,9.976809000363573432
thomas_solver_inplace____cuda_326a9d7459,cuda,8.880223991582170129,9.932935994584113359
thomas_solver_inplace____cuda_326a9d7459,cuda,8.932421973440796137,9.981507988413795829
thomas_solver_inplace____cuda_326a9d7459,cuda,8.919296989915892482,9.959687013179063797
thomas_solver_inplace____cuda_326a9d7459,cuda,8.914598001865670085,9.924179001245647669
thomas_solver_inplace____cuda_326a9d7459,cuda,8.941439999034628272,9.977901994716376066
thomas_solver_inplace____cuda_326a9d7459,cuda,8.883800997864454985,9.897750016534700990
thomas_solver_inplace____cuda_326a9d7459,cuda,8.931570017011836171,9.960778988897800446
thomas_solver_inplace____cuda_326a9d7459,cuda,8.925199013901874423,9.934850007994100451
thomas_solver_inplace____cuda_326a9d7459,cuda,8.920458989450708032,9.939597977790981531
thomas_solver_inplace____cuda_326a9d7459,cuda,8.956278004916384816,9.999642003094777465
thomas_solver_inplace____cuda_326a9d7459,cuda,8.881096000550314784,9.891939000226557255
thomas_solver_inplace____cuda_326a9d7459,cuda,8.929937990615144372,9.941574011463671923
thomas_solver_inplace____cuda_326a9d7459,cuda,8.917853992898017168,9.923127974616363645
thomas_solver_inplace____cuda_326a9d7459,cuda,8.925088011892512441,9.937274007825180888
thomas_solver_inplace____cuda_326a9d7459,cuda,8.951579016866162419,9.969216014724224806
thomas_solver_inplace____cuda_326a9d7459,cuda,8.886005001841112971,9.895574999973177910
thomas_solver_inplace____cuda_326a9d7459,cuda,8.927312999730929732,9.950449020834639668
thomas_solver_inplace____cuda_326a9d7459,cuda,8.931009011575952172,9.950420004315674305
thomas_solver_inplace____cuda_326a9d7459,cuda,8.915440004784613848,9.942634002072736621
thomas_solver_inplace____cuda_326a9d7459,cuda,8.946279005613178015,9.942164004314690828
thomas_solver_inplace____cuda_326a9d7459,cuda,8.901332999812439084,9.988759993575513363
thomas_solver_inplace____cuda_326a9d7459,cuda,8.930156996939331293,9.949836996383965015
thomas_solver_inplace____cuda_326a9d7459,cuda,8.920200983993709087,9.932746994309127331
thomas_solver_inplace____cuda_326a9d7459,cuda,8.920699998270720243,9.946892008883878589
thomas_solver_inplace____cuda_326a9d7459,cuda,8.948561997385695577,9.961069008568301797
thomas_solver_inplace____cuda_326a9d7459,cuda,8.884543000021949410,9.925744001520797610
thomas_solver_inplace____cuda_326a9d7459,cuda,8.926150010665878654,9.949396015144884586
thomas_solver_inplace____cuda_326a9d7459,cuda,8.924097986891865730,9.938138013239949942
thomas_solver_inplace____cuda_326a9d7459,cuda,8.924026013119146228,9.962129988707602024
thomas_solver_inplace____cuda_326a9d7459,cuda,8.946818008553236723,9.971717983717098832
thomas_solver_inplace____cuda_326a9d7459,cuda,8.878673019353300333,9.898001997498795390
thomas_solver_inplace____cuda_326a9d7459,cuda,8.936619997257366776,9.969423990696668625
thomas_solver_inplace____cuda_326a9d7459,cuda,8.917125000152736902,9.958484995877370238
thomas_solver_inplace____cuda_326a9d7459,cuda,8.929635980166494846,9.932224988006055355
thomas_solver_inplace____cuda_326a9d7459,cuda,8.948661998147144914,9.959355986211448908
thomas_solver_inplace____cuda_326a9d7459,cuda,8.887447998858988285,9.896016999846324325
thomas_solver_inplace____cuda_326a9d7459,cuda,8.937931997934356332,9.960567986126989126
thomas_solver_inplace____cuda_326a9d7459,cuda,8.924297988414764404,9.927617007633671165
thomas_solver_inplace____cuda_326a9d7459,cuda,8.919367974158376455,9.963343007257208228
thomas_solver_inplace____cuda_326a9d7459,cuda,8.952618984039872885,9.965896984795108438
thomas_solver_inplace____cuda_326a9d7459,cuda,8.934003999456763268,10.033794998889788985
thomas_solver_inplace____cuda_326a9d7459,cuda,8.921040018321946263,10.196287999860942364
thomas_solver_inplace____cuda_326a9d7459,cuda,8.956878999015316367,9.985987009713426232
thomas_solver_inplace____cuda_326a9d7459,cuda,8.879642991814762354,9.884915984002873302
thomas_solver_inplace____cuda_326a9d7459,cuda,8.929748000809922814,9.940519987139850855
thomas_solver_inplace____cuda_326a9d7459,cuda,8.929627016186714172,9.953414992196485400
thomas_solver_inplace____cuda_326a9d7459,cuda,8.912334014894440770,9.938466013409197330
thomas_solver_inplace____cuda_326a9d7459,cuda,8.956979989307001233,9.976538975024595857
thomas_solver_inplace____cuda_326a9d7459,cuda,8.877609012415632606,9.890316025121137500
thomas_solver_inplace____cuda_326a9d7459,cuda,8.924346999265253544,9.948464023182168603
thomas_solver_inplace____cuda_326a9d7459,cuda,8.934016019338741899,9.943918004864826798
thomas_solver_inplace____cuda_326a9d7459,cuda,8.907715004170313478,9.907717991154640913
thomas_solver_inplace____cuda_326a9d7459,cuda,8.954635006375610828,9.992108010919764638
thomas_solver_inplace____cuda_326a9d7459,cuda,8.884170994861051440,9.902899008011445403
thomas_solver_inplace____cuda_326a9d7459,cuda,8.939524996094405651,9.955858986359089613
